id,liability
john.doe@example.com,893267
jane.smith@example.com,724851
sam.johnson@example.com,453210
lisa.davis@example.com,572149
michael.wilson@example.com,320107
emily.brown@example.com,698203
susan.jones@example.com,256743
robert.anderson@example.com,189407
jennifer.miller@example.com,978423
william.jackson@example.com,715436
mary.taylor@example.com,134590
james.white@example.com,930751
linda.anderson@example.com,507602
joseph.thomas@example.com,654903
patricia.wilson@example.com,873419
charles.brown@example.com,465078
elizabeth.martin@example.com,290185
thomas.jones@example.com,865748
margaret.martin@example.com,624571
daniel.taylor@example.com,927319
sarah.smith@example.com,340581
matthew.davis@example.com,478612
karen.jackson@example.com,645701
christopher.anderson@example.com,219586
nancy.miller@example.com,905827
andrew.wilson@example.com,784931
jessica.johnson@example.com,173294
george.smith@example.com,649078
susan.martin@example.com,352648
edward.jones@example.com,982014
laura.anderson@example.com,456823
brian.wilson@example.com,718493
pamela.smith@example.com,632418
richard.martin@example.com,249637
dorothy.anderson@example.com,356920
william.anderson@example.com,598325
betty.johnson@example.com,791503
donald.jones@example.com,936827
helen.davis@example.com,487165
joseph.martin@example.com,618790
nancy.smith@example.com,274906
frank.wilson@example.com,165034
carol.anderson@example.com,408917
thomas.anderson@example.com,534618
margaret.taylor@example.com,891324
susan.thomas@example.com,748921
kenneth.davis@example.com,592704
linda.smith@example.com,839710
gary.smith@example.com,423710
catherine.martin@example.com,370935
ronald.wilson@example.com,679483
judy.anderson@example.com,562817
gregory.jones@example.com,306784
deborah.anderson@example.com,692416
edward.martin@example.com,295635
donna.wilson@example.com,413678
gerald.wilson@example.com,621405
rebecca.jones@example.com,780259
timothy.johnson@example.com,158427
virginia.martin@example.com,650981
david.davis@example.com,368521
jessica.wilson@example.com,480925
joseph.smith@example.com,256739
mary.johnson@example.com,891674
linda.davis@example.com,274146
michael.brown@example.com,582104
patricia.jones@example.com,938152
john.wilson@example.com,439080
nancy.martin@example.com,216503
david.thomas@example.com,589326
jane.martin@example.com,735916
steven.jones@example.com,480158
margaret.davis@example.com,725189
matthew.smith@example.com,306534
jennifer.smith@example.com,864527
charles.jones@example.com,431026
elizabeth.jones@example.com,753291
robert.smith@example.com,209438
karen.martin@example.com,187534
james.jones@example.com,370289
lisa.jones@example.com,245847
william.brown@example.com,697402
susan.wilson@example.com,524016
daniel.smith@example.com,479810
sarah.martin@example.com,149607
joseph.brown@example.com,384261
linda.jones@example.com,609315
david.wilson@example.com,947823
jane.anderson@example.com,295746
frank.anderson@example.com,786432
cynthia.jones@example.com,501879
donna.martin@example.com,416907
thomas.smith@example.com,823714
margaret.wilson@example.com,640795
david.jones@example.com,173485
linda.martin@example.com,295109
thomas.martin@example.com,841326
michael.johnson@example.com,317429
susan.anderson@example.com,654309
david.martin@example.com,142798
